{"initial_reset_timestamp": 1572922415.788694, "timestamps": [1572922416.5639749], "episode_lengths": [24], "episode_rewards": [24.0], "episode_types": ["t"]}